{
    "LR": {
        "Accuracy": 0.8421052631578947,
        "AUC": 0.9275261324041811
    },
    "RF": {
        "Accuracy": 0.8552631578947368,
        "AUC": 0.932404181184669
    },
    "XGB": {
        "Accuracy": 0.951,
        "AUC": 0.9073170731707317
    },
    "SVM": {
        "Accuracy": 0.8026315789473685,
        "AUC": 0.9128919860627178
    },
    "NN": {
        "Accuracy": 0.7631578947368421,
        "AUC": 0.8306620209059232
    }
}